﻿<CustomObject Id="10037" Name="scProductExtension" CoLabel="scProductExtension" Description="" DesignerData="" IsAgentVisible="True" IsAnalyticsVisible="True" IsSubclass="False" IsMenu="False" IsMenuOnlyClass="False" HasLabels="False" HasDescription="False" HasNotes="False" HasFileAttachment="False" IsLogTransactionsEnabled="True" HasUserTransactions="False" HasSequence="False" AllowsSPMSuppression="False"><Package Name="SvcVentures" Id="7" /><InterfaceLabels><InterfaceLabel Language="en_US" Label="scProductExtension" Description="" /></InterfaceLabels><Keys><Key Id="10097" KeyType="1"><Fields><Field Id="10266" /></Fields></Key><Key Id="10098" KeyType="3"><Fields><Field Id="10268" /></Fields></Key><Key Id="10099" KeyType="3"><Fields><Field Id="10269" /></Fields></Key><Key Id="10101" KeyType="3"><Fields><Field Id="10274" /></Fields></Key><Key Id="10103" KeyType="3"><Fields><Field Id="10276" /></Fields></Key></Keys><Fields><Field Id="10266" Label="ID" Description="System Field" Name="ID" DataTypeName="Integer" DataType="1" IsNullable="False" IsList="False" IsLookup="False" IsCoReadOnly="False" IsAutoUpdate="False" IsSequence="False" IsSystemField="True" /><Field Id="10267" Label="Date Last Updated" Description="System Field" Name="UpdatedTime" DataTypeName="Date Time" DataType="5" IsNullable="True" IsList="False" IsLookup="False" IsCoReadOnly="True" IsAutoUpdate="True" IsSequence="False" IsSystemField="True" ServerDefaultValue="curTime" /><Field Id="10268" Label="Updated By" Description="System Field" Name="UpdatedByAccount" DataTypeName="Menu" DataType="6" IsNullable="True" IsList="False" IsLookup="False" IsCoReadOnly="True" IsAutoUpdate="True" IsSequence="False" IsSystemField="True" ServerDefaultValue="curAdminUser" OptListId="2" /><Field Id="10269" Label="Created By" Description="System Field" Name="CreatedByAccount" DataTypeName="Menu" DataType="6" IsNullable="True" IsList="False" IsLookup="False" IsCoReadOnly="True" IsAutoUpdate="False" IsSequence="False" IsSystemField="True" ServerDefaultValue="curAdminUser" OptListId="2" /><Field Id="10270" Label="LastMaintenance" Name="LastMaintenance" DataTypeName="Date Time" DataType="5" IsNullable="True" IsList="False" IsLookup="False" IsCoReadOnly="False" IsAutoUpdate="False" IsSequence="False" IsSystemField="False" /><Field Id="10271" Label="MaintCycle" Name="MaintCycle" DataTypeName="Integer" DataType="1" IsNullable="True" IsList="False" IsLookup="False" IsCoReadOnly="False" IsAutoUpdate="False" IsSequence="False" IsSystemField="False" /><Field Id="10272" Label="ExtConfiguration" Name="ExtConfiguration" DataTypeName="Text" DataType="2" IsNullable="True" IsList="False" IsLookup="False" IsCoReadOnly="False" IsAutoUpdate="False" IsSequence="False" IsSystemField="False" MaxLength="" Pattern="" Usage="LongText" /><Field Id="10273" Label="SHA1HashOnDeploy" Name="SHA1HashOnDeploy" DataTypeName="Text" DataType="2" IsNullable="True" IsList="False" IsLookup="False" IsCoReadOnly="False" IsAutoUpdate="False" IsSequence="False" IsSystemField="False" MaxLength="40" Pattern="" Usage="PlainText" /><Field Id="10274" Label="Signature" Name="Signature" DataTypeName="Text" DataType="2" IsNullable="True" IsList="False" IsLookup="False" IsCoReadOnly="False" IsAutoUpdate="False" IsSequence="False" IsSystemField="False" MaxLength="40" Pattern="" Usage="PlainText" /><Field Id="10275" Label="Description" Name="Description" DataTypeName="Text" DataType="2" IsNullable="True" IsList="False" IsLookup="False" IsCoReadOnly="False" IsAutoUpdate="False" IsSequence="False" IsSystemField="False" MaxLength="" Pattern="" Usage="LongText" /><Field Id="10276" Label="ExtensionName" Name="ExtensionName" DataTypeName="Text" DataType="2" IsNullable="True" IsList="False" IsLookup="True" IsCoReadOnly="False" IsAutoUpdate="False" IsSequence="False" IsSystemField="False" MaxLength="255" Pattern="" Usage="PlainText" /><Field Id="10277" Label="Authors" Name="Authors" DataTypeName="Text" DataType="2" IsNullable="True" IsList="False" IsLookup="False" IsCoReadOnly="False" IsAutoUpdate="False" IsSequence="False" IsSystemField="False" MaxLength="255" Pattern="" Usage="PlainText" /></Fields><Notes /></CustomObject><!--ewTe5lB9y3MfQQsQgLjvYzzBlyEkr9Fdjcg=-->